City_ID,City,Lat,Lng,Max Temp,Humidity,Cloudiness,Wind Speed,Country,Date
0,iqaluit,63.7506,-68.5145,8.85,87,100,3.6,CA,1721022931
1,mount isa,-20.7333,139.5,21.87,20,0,4.63,AU,1721023082
2,college,64.8569,-147.8028,13.43,90,40,4.12,US,1721023158
3,bolpur,23.6667,87.7167,29.23,48,70,5.89,IN,1721023233
4,albany,42.6001,-73.9662,23.66,82,92,0.98,US,1721023309
5,jamestown,42.097,-79.2353,21.51,100,0,2.57,US,1721022890
6,bredasdorp,-34.5322,20.0403,6.94,88,8,2.49,ZA,1721023461
7,alice springs,-23.7,133.8833,18.75,30,1,4.12,AU,1721023536
8,waitangi,-43.9535,-176.5597,8.79,65,64,2.76,NZ,1721023612
9,altoona,40.5187,-78.3947,21.62,77,58,1.72,US,1721023688
10,grytviken,-54.2811,-36.5092,-2.61,83,89,4.3,GS,1721023764
11,mazagao,-0.115,-51.2894,25.03,93,89,0.82,BR,1721023839
12,port lincoln,-34.7333,135.8667,12.52,66,68,7.73,AU,1721023877
13,cambria,35.5641,-121.0808,20.13,89,24,1.35,US,1721023991
14,coquimbo,-29.9533,-71.3436,8.85,86,100,3.09,CL,1721024067
15,nuuk,64.1835,-51.7216,2.34,100,100,4.12,GL,1721024142
16,arzgir,45.3728,44.2206,30.84,27,1,3.47,RU,1721024218
17,longyearbyen,78.2186,15.6401,6.91,81,75,3.6,SJ,1721024294
18,portage la prairie,49.9728,-98.2926,18.95,95,71,2.86,CA,1721024370
19,mizdah,31.4451,12.9801,29.8,29,1,0.55,LY,1721024445
20,goba,7.0167,39.9833,16.37,69,25,1.39,ET,1721024521
21,whitehorse,60.7161,-135.0538,15.43,63,75,7.2,CA,1721024180
22,lompoc,34.6391,-120.4579,15.08,88,0,2.06,US,1721024528
23,hermanus,-34.4187,19.2345,6.56,80,7,2.91,ZA,1721024749
24,nishon tumani,38.694,65.6751,31.14,27,0,4.12,UZ,1721024825
25,papatowai,-46.5619,169.4708,8.15,85,2,4.91,NZ,1721024900
26,port-aux-francais,-49.35,70.2167,2.62,82,84,13.69,TF,1721024721
27,stanley,54.868,-1.6985,12.88,96,40,2.06,GB,1721025127
28,invercargill,-46.4,168.35,2.87,93,1,1.52,NZ,1721025080
29,castelli,-25.9468,-60.6195,6.81,90,2,1.5,AR,1721025279
30,west island,-12.1568,96.8225,28.99,70,20,9.26,CC,1721025354
31,uturoa,-16.7333,-151.4333,26.81,76,1,6.2,PF,1721025430
32,saynshand,44.8824,110.1163,26.18,50,33,6.61,MN,1721025506
33,sur,22.5667,59.5289,33.92,65,7,5.22,OM,1721025582
34,tiksi,71.6872,128.8694,14.72,43,44,2.39,RU,1721025657
35,afaahiti,-17.75,-149.2833,25.93,82,26,8.25,PF,1721025733
36,aykol,38.1751,77.2132,29.53,31,68,1.02,CN,1721025809
37,ternate,0.8,127.4,27.54,70,88,5.41,ID,1721025885
38,linghai,41.1653,121.3667,29.75,56,1,5.84,CN,1721025960
39,ushuaia,-54.8,-68.3,1.81,87,0,1.54,AR,1721026036
40,palikir - national government center,6.9248,158.1611,29.41,70,100,1.54,FM,1721026112
41,kayangel,8.0823,134.7173,28.3,79,100,6.74,PW,1721026188
42,kidal,18.4411,1.4078,31.82,37,32,2.76,ML,1721026263
43,sredneuralsk,56.9892,60.4666,17.64,51,40,4.45,RU,1721026339
44,puerto natales,-51.7236,-72.4875,0.26,87,29,1.65,CL,1721026415
45,akureyri,65.6835,-18.0878,9.96,93,0,1.03,IS,1721026491
46,taoudenni,22.6783,-3.9836,34.73,24,0,3.23,ML,1721026566
47,cherlak,54.155,74.8055,28.81,47,99,3.38,RU,1721026642
48,lihue,21.9789,-159.3672,24.77,82,100,7.2,US,1721026551
49,olonkinbyen,70.9221,-8.7187,4.39,96,19,4.62,SJ,1721026794
50,blackmans bay,-43.0167,147.3167,10.96,96,100,0.45,AU,1721026869
51,bethel,41.3712,-73.414,23.42,91,84,0.45,US,1721026945
52,chui,-33.6971,-53.4616,5.49,88,0,1.64,UY,1721026742
53,polyarnyy,69.1989,33.4478,17.51,62,5,0.7,RU,1721027097
54,dunedin,-45.8742,170.5036,7.67,90,100,0.89,NZ,1721027172
55,yulinshi,38.2906,109.7494,23.79,75,100,8.18,CN,1721027248
56,kuanda,56.3161,116.0806,21.97,59,100,1.12,RU,1721027399
57,anadyr,64.75,177.4833,12.28,54,0,5.81,RU,1721027475
58,undurkhaan,47.3194,110.6556,12.98,93,100,7.77,MN,1721027551
59,vila velha,-20.3297,-40.2925,21.08,86,20,1.03,BR,1721027626
60,adamstown,-25.066,-130.1015,19.57,69,70,3.24,PN,1721027702
61,dakhla,23.6848,-15.958,18.01,94,90,9.77,EH,1721027778
62,namtsy,62.7161,129.6658,30.24,27,10,4.43,RU,1721027854
63,beau vallon,-20.4189,57.6953,24.13,57,40,7.2,MU,1721027929
64,onsong,42.9572,129.9933,30.18,48,0,5.6,KP,1721028005
65,port alfred,-33.5906,26.891,14.54,58,35,3.58,ZA,1721028081
66,mwingi,-0.9344,38.0601,23.49,51,8,3.93,KE,1721028157
67,edinburgh of the seven seas,-37.0676,-12.3116,13.03,82,11,10.37,SH,1721028232
68,kudahuvadhoo,2.6708,72.8944,29.06,75,100,4.87,MV,1721028308
69,pacific grove,36.6177,-121.9166,15.45,88,100,1.54,US,1721028384
70,alaghsas,17.0187,8.0168,26.94,78,0,2.06,NE,1721028460
71,sitka,57.0531,-135.33,13.94,88,100,2.57,US,1721028536
72,nagai,38.1036,140.035,28.34,73,100,1.12,JP,1721028720
73,east london,-33.0153,27.9116,15.52,41,0,9.26,ZA,1721028796
74,betioky,-23.7167,44.3833,27.37,30,0,0.33,MG,1721028871
75,pontianak,-0.0333,109.3333,31.99,66,75,4.63,ID,1721029010
76,ribeira grande,38.5167,-28.7,21.54,94,75,4.63,PT,1721029085
77,barcelos,41.5388,-8.6151,17.08,87,1,2.44,PT,1721029161
78,isla vista,34.4133,-119.861,15.94,88,0,0.0,US,1721029237
79,qaqortoq,60.7167,-46.0333,4.23,82,100,2.08,GL,1721029313
80,bure,10.7,37.0667,19.86,78,46,1.96,ET,1721029389
81,udachny,66.4167,112.4,29.23,27,75,4.42,RU,1721029464
82,page,36.9147,-111.4558,31.88,19,0,2.57,US,1721029540
83,kirensk,57.7853,108.1119,21.44,73,92,2.36,RU,1721029616
84,les cayes,18.2,-73.75,26.65,79,16,1.04,HT,1721029750
85,redwood falls,44.5394,-95.1169,21.97,88,0,2.06,US,1721029826
86,maddela,16.3414,121.6849,29.33,76,100,1.82,PH,1721029901
87,guarapari,-20.6667,-40.4975,21.05,65,34,2.13,BR,1721029977
88,sinan,34.8262,126.1086,30.06,95,41,5.43,KR,1721030053
89,egilsstadir,65.2653,-14.3948,11.95,76,0,1.03,IS,1721030129
90,mao,39.8885,4.2658,26.31,69,20,3.09,ES,1721030204
91,petropavlovsk-kamchatsky,53.0452,158.6483,18.33,63,75,3.0,RU,1721030281
92,hamilton,39.1834,-84.5333,24.4,92,0,3.09,US,1721029960
93,sao joao da barra,-21.6403,-41.0511,19.02,81,46,3.83,BR,1721030433
94,port elizabeth,-33.918,25.5701,16.17,59,0,7.72,ZA,1721030508
95,soure,-0.7167,-48.5233,25.5,80,16,3.86,BR,1721030584
96,minas de marcona,-15.2119,-75.1103,9.02,93,81,5.17,PE,1721030660
97,georgetown,5.4112,100.3354,32.97,60,20,3.6,MY,1721030736
98,katsuura,35.1333,140.3,22.58,93,100,7.29,JP,1721030811
99,susuman,62.7833,148.1667,17.57,35,5,2.44,RU,1721030887
100,aasiaat,68.7098,-52.8699,2.93,93,100,1.08,GL,1721030963
101,joao camara,-5.5375,-35.8197,20.02,91,16,4.6,BR,1721031039
102,prineville,44.2999,-120.8345,18.6,50,0,2.57,US,1721031114
103,freeport,40.6576,-73.5832,25.14,90,0,3.09,US,1721031190
104,anchorage,61.2181,-149.9003,11.18,89,100,2.06,US,1721031003
105,yellowknife,62.456,-114.3525,17.45,66,20,5.14,CA,1721031342
106,nemuro,43.3236,145.575,16.73,93,56,3.05,JP,1721031417
107,kodiak,57.79,-152.4072,10.73,82,100,2.57,US,1721031493
108,itoman,26.1247,127.6694,33.01,66,20,4.63,JP,1721031569
109,romny,50.751,33.4747,33.9,30,100,3.1,UA,1721031645
110,vilyuysk,63.7553,121.6247,29.85,36,35,2.88,RU,1721031720
111,hailey,43.5196,-114.3153,19.96,46,0,3.6,US,1721031796
112,cartagena del chaira,1.3349,-74.8429,20.2,100,48,0.84,CO,1721031872
113,copala,16.65,-98.9833,25.87,86,100,2.37,MX,1721031948
114,weligama,5.9667,80.4167,28.63,79,100,5.35,LK,1721032024
115,hadibu,12.65,54.0333,27.43,73,100,13.68,YE,1721032099
116,isafjordur,66.0755,-23.124,11.02,82,75,2.57,IS,1721032175
117,zhangye,38.9342,100.4517,32.68,28,13,5.37,CN,1721032251
118,puerto ayora,-0.7393,-90.3518,19.75,100,74,1.79,EC,1721032327
119,happy valley-goose bay,53.3168,-60.3315,7.17,100,40,1.03,CA,1721032402
120,rovnoye,50.7765,46.0509,26.56,46,0,4.28,RU,1721032478
121,magadan,59.5667,150.8,12.49,95,100,1.43,RU,1721032554
122,jutai,-5.1833,-68.9,18.77,85,24,1.13,BR,1721032630
123,tarija,-21.5355,-64.7296,0.71,55,53,0.43,BO,1721032705
124,chonchi,-42.6128,-73.8092,6.18,96,100,1.83,CL,1721032827
125,ust-nera,64.5667,143.2,20.58,38,9,1.51,RU,1721032903
126,kongoussi,13.3258,-1.5347,29.55,60,99,5.41,BF,1721032979
127,klyuchi,52.2667,79.1667,31.5,33,100,4.11,RU,1721033054
128,baruun-urt,46.6806,113.2792,17.72,88,100,11.22,MN,1721033130
129,la'ie,21.6477,-157.9253,25.98,80,91,4.02,US,1721033206
130,laojunmiao,39.8333,97.7333,25.74,38,0,8.79,CN,1721033282
131,cape canaveral,28.4058,-80.6048,26.71,90,40,2.06,US,1721033358
132,hami,42.8,93.45,37.98,10,76,1.98,CN,1721033433
133,formby,53.5536,-3.0682,19.71,84,0,2.57,GB,1721033525
134,as sulayyil,20.4607,45.5779,41.14,9,100,3.73,SA,1721033601
135,calipatria,33.1256,-115.5142,32.25,52,0,3.0,US,1721033704
136,hilo,19.7297,-155.09,24.85,83,40,2.06,US,1721033780
137,agua dulce,18.1333,-94.1333,25.39,86,87,3.59,MX,1721033855
138,enewetak,11.3474,162.3373,28.0,82,100,11.73,MH,1721034062
139,gordonvale,-17.0936,145.7842,22.88,94,59,1.13,AU,1721034138
140,miquelon,47.0975,-56.3814,14.0,96,90,1.8,PM,1721034398
141,thompson,55.7435,-97.8558,9.85,79,100,2.79,CA,1721034474
142,gizo,-8.103,156.8419,27.06,83,87,4.35,SB,1721034550
143,yerofey pavlovich,53.9667,121.9667,25.7,47,100,0.98,RU,1721034626
144,mahina,-17.5065,-149.489,26.87,78,75,5.14,PF,1721034701
145,nar'yan-mar,67.6713,53.087,23.78,52,41,2.53,RU,1721034852
146,tazacorte,28.629,-17.9293,22.54,78,0,5.66,ES,1721034928
147,bulgan,48.8125,103.5347,24.69,53,79,3.09,MN,1721035004
148,usinsk,65.9939,57.5281,23.6,39,100,0.69,RU,1721035080
149,sampit,-2.5333,112.95,27.43,80,100,2.39,ID,1721035557
150,arfoud,31.4348,-4.2375,38.02,8,4,4.16,MA,1721035632
151,tadine,-21.55,167.8833,20.64,89,100,3.9,NC,1721035708
152,luba,3.4568,8.5547,29.94,88,84,5.19,GQ,1721035859
153,prince rupert,54.3161,-130.3201,15.83,97,40,2.06,CA,1721036141
154,krasnoural'sk,58.3638,60.0407,22.58,45,49,3.91,RU,1721036261
155,namibe,-15.1961,12.1522,21.66,60,4,2.73,AO,1721037713
156,mankera,31.3866,71.4407,42.52,23,0,2.11,PK,1721037713
157,vorgashor,67.5833,63.95,17.32,81,100,1.76,RU,1721037714
158,laguna,38.421,-121.4238,21.63,64,0,2.57,US,1721037715
159,ilulissat,69.2167,-51.1,6.01,87,75,0.0,GL,1721037716
160,kuqa,41.7278,82.9364,34.59,16,63,6.39,CN,1721037792
161,rundu,-17.9333,19.7667,27.17,8,1,3.16,NA,1721037868
162,sergeyevka,53.88,67.4158,20.33,91,100,0.73,KZ,1721038531
163,rancho palos verdes,33.7445,-118.387,19.44,92,9,1.34,US,1721038606
164,bilibino,68.0546,166.4372,5.27,90,100,2.33,RU,1721038682
165,salahonda,2.1019,-78.7217,26.09,87,77,4.23,CO,1721038758
166,merano,46.6682,11.1595,30.37,51,4,2.34,IT,1721038840
167,sirvan,39.9379,48.9286,33.99,28,0,3.7,AZ,1721038916
168,punta arenas,-53.15,-70.9167,-1.94,100,20,1.54,CL,1721038992
169,avarua,-21.2078,-159.775,22.03,64,75,2.57,CK,1721039067
170,kattivakkam,13.2167,80.3167,28.05,95,100,5.63,IN,1721039143
171,ola,59.5833,151.2833,12.05,97,100,1.56,RU,1721039219
172,hellin,38.5106,-1.701,32.26,14,0,2.58,ES,1721039295
173,mwene-ditu,-7.0,23.45,33.26,13,96,1.57,CD,1721039636
174,barah,13.7,30.3667,34.79,39,74,5.89,SD,1721039711
175,lobujya,27.95,86.8167,7.77,82,97,2.3,NP,1721039787
176,lazaro cardenas,17.9583,-102.2,25.95,84,100,1.72,MX,1721039863
177,sanford,28.8006,-81.2731,24.16,81,0,0.0,US,1721039939
178,chaadayevka,53.1427,45.9122,30.67,31,10,4.18,RU,1721040015
179,nasir,15.5894,32.5634,36.35,36,45,10.56,SD,1721040090
180,dalnegorsk,44.5604,135.5701,19.05,97,100,0.8,RU,1721040166
181,sulak,43.2734,47.5146,30.65,39,0,5.03,RU,1721040242
182,vinton,37.281,-79.897,23.01,78,2,0.45,US,1721040318
183,bikenibeu village,1.3673,173.1241,28.98,89,75,3.09,KI,1721040393
184,constantia,44.1833,28.65,36.38,41,83,3.91,RO,1721040469
185,kuala terengganu,5.3302,103.1408,30.97,79,20,1.54,MY,1721040545
186,tolanaro,-25.0319,46.9987,27.04,57,20,1.54,MG,1721040621
187,yuanping,38.7153,112.7575,21.41,89,100,1.06,CN,1721040696
188,bubaque,11.2833,-15.8333,26.64,82,99,5.37,GW,1721041401
189,igrim,63.1906,64.4162,24.91,35,56,2.93,RU,1721041477
190,kerikeri,-35.2268,173.9474,10.51,93,88,1.57,NZ,1721041553
191,upper grand lagoon,30.1633,-85.7408,28.01,90,75,0.89,US,1721041629
192,nouadhibou,20.931,-17.0347,22.99,78,40,6.17,MR,1721041704
193,tselinnoye,53.0833,85.6667,28.08,71,22,2.9,RU,1721041780
194,saladas,-28.2538,-58.6259,10.83,93,100,2.17,AR,1721041856
195,sittwe,20.15,92.9,28.26,84,100,7.13,MM,1721041932
196,fort st. john,56.2499,-120.8529,18.94,59,75,3.6,CA,1721042008
197,lebu,-37.6167,-73.65,6.24,91,77,1.76,CL,1721042968
198,vilyuchinsk,52.9306,158.4028,15.15,88,23,3.82,RU,1721043963
199,margaret river,-33.95,115.0667,11.57,84,1,3.1,AU,1721044991
200,ohara,35.25,140.3833,21.92,92,100,5.52,JP,1721046015
201,kuvandyk,51.4781,57.3552,22.42,72,99,7.43,RU,1721046091
202,nguigmi,14.2495,13.1092,31.06,53,87,6.09,NE,1721046092
203,rongelap,11.1635,166.8941,28.41,83,91,9.03,MH,1721046093
204,zag,46.9441,99.165,22.94,33,75,2.55,MN,1721046093
205,yuzhno-kurilsk,44.0306,145.8556,13.88,99,44,1.82,RU,1721046094
206,palmer,42.1584,-72.3287,25.65,70,44,2.77,US,1721046095
207,wuhai,39.6647,106.8122,29.97,31,0,8.16,CN,1721046096
208,cruzeiro do sul,-29.5128,-51.9853,15.27,89,97,1.81,BR,1721046096
209,qarauyl,48.9451,79.255,28.2,35,99,4.72,KZ,1721046097
210,la passe,45.5549,-0.8967,23.34,81,99,6.09,FR,1721046098
211,lamarque,-39.423,-65.7021,3.91,56,9,4.84,AR,1721046099
212,lukolela,-1.0605,17.1821,31.85,38,100,1.81,CD,1721046099
213,aykhal,66.0,111.5,24.25,35,71,3.19,RU,1721046100
214,skiathos,39.1623,23.4909,32.21,54,0,2.57,GR,1721046101
215,mermoz boabab,14.7065,-17.4758,30.31,79,40,4.12,SN,1721046102
216,puerto baquerizo moreno,-0.9,-89.6,21.28,86,89,4.75,EC,1721046102
217,vila franca do campo,37.7167,-25.4333,24.23,83,53,4.21,PT,1721046103
218,arraial do cabo,-22.9661,-42.0278,21.92,83,75,5.66,BR,1721046104
219,ormara,25.2088,64.6357,29.4,82,3,4.88,PK,1721046105
220,motueka,-41.1333,173.0167,10.05,96,100,3.09,NZ,1721046105
221,maha sarakham,16.3333,103.6667,25.9,98,100,6.59,TH,1721046106
222,mawlaik,23.6333,94.4167,26.29,96,100,0.64,MM,1721046107
223,iskateley,67.6803,53.1512,22.98,59,58,2.89,RU,1721046108
224,cold springs,39.6802,-119.9766,16.66,73,0,0.0,US,1721045994
225,nurlat,54.4277,50.8051,25.75,50,13,4.86,RU,1721046109
226,faya-largeau,17.9257,19.1043,37.86,32,7,8.07,TD,1721046110
227,labytnangi,66.6572,66.4183,20.45,70,66,3.3,RU,1721046111
228,santana,-0.0583,-51.1817,28.1,94,75,2.57,BR,1721046111
229,nobres,-14.7203,-56.3275,16.81,65,0,3.36,BR,1721046112
230,troitskoye,52.9821,84.6757,27.34,71,78,2.45,RU,1721046113
231,haiku-pauwela,20.9219,-156.3051,22.8,88,75,8.75,US,1721046114
232,rio grande,-32.035,-52.0986,9.06,81,0,3.75,BR,1721046114
233,cauquenes,-35.9671,-72.3225,2.81,83,42,1.16,CL,1721046115
234,at taj,24.2049,23.2857,40.15,9,0,3.08,LY,1721046116
235,yaren,-0.5472,166.916,28.94,76,93,7.34,NR,1721046117
236,morondava,-20.2833,44.2833,24.89,50,0,6.39,MG,1721046117
237,san luis,-33.295,-66.3356,4.97,31,3,3.57,AR,1721046118
238,weststadt,53.6347,11.3957,24.95,47,17,4.47,DE,1721046119
239,smithers,54.7804,-127.1743,13.18,82,0,1.03,CA,1721046120
240,utrik,11.2278,169.8474,27.98,85,6,9.56,MH,1721046120
241,broome,42.2506,-75.833,23.94,93,26,0.89,US,1721046121
242,wimpassing,48.1648,13.9863,31.46,45,86,1.54,AT,1721046122
243,codrington,-38.2667,141.9667,10.33,82,100,12.81,AU,1721046123
244,kone,-21.0595,164.8658,18.56,88,0,0.49,NC,1721046124
245,praia da vitoria,38.7333,-27.0667,23.14,88,75,6.44,PT,1721046125
246,ketchikan,55.3422,-131.6461,16.26,88,100,1.54,US,1721046125
247,fort bragg,35.139,-79.006,28.03,83,0,1.54,US,1721046126
248,nelson bay,-32.7167,152.15,11.16,69,2,1.34,AU,1721046127
249,thunder bay,48.4001,-89.3168,15.99,88,75,2.06,CA,1721046128
250,ghat,24.9647,10.1728,41.39,6,0,7.64,LY,1721046129
251,holualoa,19.6228,-155.9522,23.91,99,75,4.12,US,1721046129
252,hawaiian paradise park,19.5933,-154.9731,22.72,91,92,0.45,US,1721046130
253,vorkuta,67.5,64.0,16.39,87,100,1.68,RU,1721046131
254,cannonvale,-20.2833,148.7,17.66,71,41,1.9,AU,1721046132
255,kingston,17.997,-76.7936,28.98,79,20,3.09,JM,1721046133
256,byron bay,-28.65,153.6167,11.03,61,1,5.88,AU,1721046133
257,st. john's,47.5649,-52.7093,16.27,94,100,2.06,CA,1721046134
258,luganville,-15.5333,167.1667,24.62,94,43,2.31,VU,1721046135
259,thatta,24.7475,67.9235,39.44,37,44,4.76,PK,1721046136
260,luoyang,34.6836,112.4536,24.33,91,100,1.73,CN,1721046136
261,porto novo,6.4965,2.6036,27.9,71,100,6.06,BJ,1721046137
262,sisimiut,66.9395,-53.6735,6.46,77,96,2.47,GL,1721046138
263,remire-montjoly,4.9167,-52.2667,28.02,83,0,1.54,GF,1721046139
264,fale old settlement,-9.3852,-171.2468,28.72,76,16,9.32,TK,1721046139
265,butterworth,5.3991,100.3638,30.03,73,20,1.54,MY,1721046140
266,okha,53.5739,142.9478,17.07,90,86,3.59,RU,1721046141
267,mount pearl,47.5166,-52.7813,15.81,94,100,2.06,CA,1721046133
268,limassol,34.675,33.0333,32.04,70,20,6.69,CY,1721046143
269,aleg,17.0481,-13.9209,33.5,43,5,5.45,MR,1721046143
270,benguela,-12.5763,13.4055,23.75,68,59,3.51,AO,1721046144
271,kavaratti,10.5669,72.642,27.11,84,100,10.64,IN,1721046145
272,port mathurin,-19.6833,63.4167,22.35,67,70,10.82,MU,1721046146
273,portage,41.1667,-81.1998,23.97,84,40,1.54,US,1721046146
274,bel ombre,-4.6167,55.4167,27.91,74,20,7.72,SC,1721046147
275,san ignacio de velasco,-16.3667,-60.95,13.36,50,43,3.24,BO,1721046148
276,mata-utu,-13.2816,-176.1745,27.65,78,6,5.99,WF,1721046149
277,weno,7.4515,151.8468,28.66,76,100,5.52,FM,1721046138
278,kapuskasing,49.4169,-82.4331,18.05,100,100,1.54,CA,1721046150
279,vakarai,55.6035,23.8213,24.29,56,94,1.04,LT,1721046151
280,kourou,5.1552,-52.6478,28.03,84,40,1.94,GF,1721046151
281,sindgi,16.9167,76.2333,24.05,83,100,10.09,IN,1721046152
282,hotan,37.0997,79.9269,32.15,22,0,1.09,CN,1721046153
283,sishui,35.6489,117.2758,25.86,89,100,3.3,CN,1721046154
284,dores do indaia,-19.4633,-45.6017,19.61,46,15,1.26,BR,1721046154
285,goure,13.9835,10.2704,35.61,33,100,3.11,NE,1721046155
286,timimoun,29.2639,0.231,46.21,4,0,7.72,DZ,1721046156
287,new plymouth,-39.0667,174.0833,13.78,100,100,4.47,NZ,1721046157
288,mana,5.6592,-53.7767,25.55,86,57,2.47,GF,1721046157
289,new norfolk,-42.7826,147.0587,10.72,98,93,1.52,AU,1721046158
290,keflavik,64.0049,-22.5624,15.48,78,81,6.9,IS,1721046159
291,pacasmayo,-7.4006,-79.5714,16.36,86,67,3.45,PE,1721046160
292,nuevo casas grandes,30.4167,-107.9167,22.44,64,100,1.42,MX,1721046160
293,chunskiy,56.0815,99.6342,22.62,64,84,0.68,RU,1721046161
294,merizo village,13.2658,144.6691,29.31,80,77,6.8,GU,1721046162
295,sao mateus,-18.7161,-39.8589,25.2,57,7,1.44,BR,1721046163
296,coracao de jesus,-16.6853,-44.365,21.78,46,1,4.87,BR,1721046164
297,mesolongi,38.3702,21.4295,35.53,56,0,6.27,GR,1721046165
298,sengiley,53.9622,48.7944,29.04,44,0,4.79,RU,1721046165
299,sihanoukville,10.6093,103.5296,25.97,94,75,2.57,KH,1721046166
300,bridgewater,44.3835,-64.5155,25.62,77,29,3.6,CA,1721046167
301,warrnambool,-38.3833,142.4833,10.92,86,100,12.9,AU,1721046089
302,bani walid,31.7566,13.9942,42.02,13,3,4.17,LY,1721046168
303,port saint john's,-31.6229,29.5448,21.24,28,0,6.5,ZA,1721046169
304,yekaterinovka,52.0508,44.3451,30.86,34,5,4.37,RU,1721046170
305,portland,45.5234,-122.6762,15.36,87,0,2.24,US,1721045753
306,broken hill,-31.95,141.4333,9.07,67,86,7.92,AU,1721046171
307,corpus christi,27.8006,-97.3964,28.01,87,75,2.06,US,1721046172
308,grand falls-windsor,48.9332,-55.6649,20.84,84,53,0.89,CA,1721046173
309,den burg,53.0542,4.7972,23.86,74,9,0.57,NL,1721046174
310,florence,43.7667,11.25,36.19,32,0,1.79,IT,1721046081
311,kondalwadi,18.8,77.7667,27.82,81,96,4.85,IN,1721046175
312,qamdo,31.1667,97.2333,15.57,66,99,4.13,CN,1721046176
313,bonthe,7.5264,-12.505,26.55,78,100,5.76,SL,1721046176
314,kruisfontein,-34.0033,24.7314,15.6,45,0,8.47,ZA,1721046177
315,santa elena de uairen,4.6167,-61.1333,19.1,95,99,0.76,VE,1721046178
316,wailua homesteads,22.0669,-159.378,24.44,81,75,7.2,US,1721046179
317,alamosa,37.4695,-105.87,10.99,82,0,1.54,US,1721046179
318,amahai,-3.3333,128.9167,25.21,86,94,2.92,ID,1721046180
319,dudinka,69.4058,86.1778,20.99,46,8,4.09,RU,1721046095
320,yeraliyev,43.2,51.65,30.92,44,0,7.68,KZ,1721046182
321,launceston,-41.45,147.1667,11.3,87,40,8.75,AU,1721046182
322,masterton,-40.9597,175.6575,9.5,95,100,4.55,NZ,1721046112
323,castillos,-34.1667,-53.8333,6.4,76,0,0.59,UY,1721046184
324,colonia,50.9333,6.95,28.86,43,0,2.06,DE,1721046185
325,kargil,34.5667,76.1,20.11,17,19,4.93,IN,1721046185
326,cheremukhovo,60.3484,59.9851,23.88,38,100,1.63,RU,1721046186
327,novodvinsk,64.4165,40.8122,17.86,68,100,0.97,RU,1721046187
328,canete,-37.8,-73.4,5.04,86,90,1.27,CL,1721046188
329,inhambane,-23.865,35.3833,26.99,61,0,5.14,MZ,1721046188
330,richland center,43.3347,-90.3868,21.95,95,0,0.17,US,1721046189
331,nova vicosa,-17.8919,-39.3719,24.98,65,36,0.47,BR,1721046190
332,badger,64.8,-147.5333,10.93,94,75,1.54,US,1721046191
333,labrador city,52.9463,-66.9114,13.99,93,100,17.43,CA,1721046191
334,ciudad lazaro cardenas,17.9583,-102.2,25.73,84,96,1.71,MX,1721046192
335,genlis,47.242,5.2242,28.12,57,0,5.14,FR,1721046193
336,santona,43.4439,-3.4576,23.72,67,96,2.63,ES,1721046194
337,yeniseysk,58.4497,92.1703,24.42,56,94,2.37,RU,1721046196
338,san antonio de pale,-1.4014,5.6325,22.35,82,26,5.18,GQ,1721046197
339,kargasok,59.0556,80.8572,26.39,54,24,3.36,RU,1721046197
340,barra de santo antonio,-9.4047,-35.5072,27.6,63,64,4.37,BR,1721046198
341,tazovsky,67.4667,78.7,16.09,48,7,5.69,RU,1721046129
342,eyl,7.9803,49.8164,33.8,44,87,12.79,SO,1721046199
343,aosta,45.7667,7.4167,22.43,47,20,4.63,IT,1721046200
344,urumqi,43.801,87.6005,37.53,15,20,4.0,CN,1721046201
345,jwaneng,-24.6004,24.7303,21.22,9,0,3.4,BW,1721046202
346,brookings,44.3114,-96.7984,21.77,95,40,3.6,US,1721046203
347,kill devil hills,36.0307,-75.676,28.32,91,0,4.12,US,1721046204
348,san pedro pochutla,15.7333,-96.4667,25.4,63,22,1.7,MX,1721046204
349,san carlos de bariloche,-41.1456,-71.3082,-3.14,93,100,0.51,AR,1721046205
350,choyr,46.3611,108.3611,13.48,77,100,6.18,MN,1721046206
351,ondjiva,-17.0667,15.7333,30.42,6,4,2.27,AO,1721046206
352,camayenne,9.535,-13.6878,27.05,89,75,3.09,GN,1721046207
353,newton,42.337,-71.2092,25.92,83,100,4.12,US,1721046208
354,recani,31.2846,-4.2688,43.43,6,27,6.62,MA,1721046209
355,lata,40.1629,-8.3327,22.82,39,5,4.14,PT,1721046209
356,jumla,29.2747,82.1838,21.63,74,55,2.17,NP,1721046210
357,nahiyat ash shinafiyah,31.5874,44.6602,43.85,13,0,5.53,IQ,1721046211
358,gerash,27.6652,54.1371,43.08,10,1,4.86,IR,1721046212
359,dampit,-8.2116,112.7493,19.34,90,28,2.02,ID,1721046212
360,tutoia,-2.7619,-42.2744,27.29,62,2,2.23,BR,1721046213
361,tura,25.5198,90.2201,26.83,92,100,1.47,IN,1721046214
362,sultanah,24.4926,39.5857,42.25,6,0,3.09,SA,1721046215
363,mariehamn,60.0973,19.9348,19.92,73,0,5.66,AX,1721046215
364,kantharalak,14.6406,104.6499,23.54,95,100,3.45,TH,1721046216
365,tongchuanshi,35.0806,109.0897,23.27,90,100,1.63,CN,1721046217
366,pamandzi,-12.7967,45.2794,29.88,58,0,1.54,YT,1721046218
367,micheweni,-4.9667,39.8333,27.21,65,84,5.24,TZ,1721046218
368,sierra grande,-41.606,-65.3557,4.9,47,51,7.8,AR,1721046219
369,westport,41.1415,-73.3579,26.83,83,40,0.45,US,1721046125
370,hammerfest,70.6634,23.6821,13.25,82,20,6.69,NO,1721046221
371,mahibadhoo,3.7833,72.9667,28.73,78,100,6.03,MV,1721046221
372,nieuw amsterdam,5.8833,-55.0833,27.01,83,40,2.57,SR,1721046222
373,fort mcmurray,56.7268,-111.381,12.77,82,0,0.51,CA,1721046223
374,zhenzhou,32.2692,119.1789,28.27,92,100,2.68,CN,1721046224
375,cotacachi,0.3,-78.2667,9.75,88,31,2.87,EC,1721046224
376,opuwo,-18.0607,13.84,28.85,6,16,3.62,NA,1721046225
377,carnarvon,-24.8667,113.6333,19.39,57,0,6.31,AU,1721046226
378,pematangsiantar,2.9595,99.0687,23.57,97,59,0.81,ID,1721046227
379,cururupu,-1.8283,-44.8683,28.58,65,11,1.91,BR,1721046227
380,taltal,-25.4,-70.4833,14.05,61,0,2.75,CL,1721046228
381,kununurra,-15.7667,128.7333,21.99,64,86,4.12,AU,1721046229
382,galle,6.0367,80.217,26.82,88,100,5.37,LK,1721046229
383,bodaybo,57.8506,114.1933,20.07,79,87,0.6,RU,1721046230
384,bergen,60.392,5.328,17.71,100,75,1.54,NO,1721046231
385,ust-tsilma,65.441,52.1498,26.82,37,28,0.23,RU,1721046232
386,mariveles,14.4833,120.4833,21.98,87,98,4.34,PH,1721046232
387,howard springs,-12.497,131.047,21.95,72,47,2.77,AU,1721046233
388,cabedelo,-6.9811,-34.8339,27.37,70,48,8.0,BR,1721046234
389,kodinsk,58.6881,99.1844,24.26,62,77,1.2,RU,1721046235
390,la gi,10.6667,107.7833,26.31,87,100,3.87,VN,1721046235
391,oranjemund,-28.55,16.4333,18.64,36,55,2.96,NA,1721046236
392,saipan,15.1355,145.701,29.39,84,40,6.17,MP,1721046237
393,atafu village,-8.5421,-172.5159,28.78,77,40,8.93,TK,1721046238
394,lodja,-3.4833,23.4333,39.08,12,15,0.57,CD,1721046239
395,mirante do paranapanema,-22.2919,-51.9064,15.74,72,55,2.16,BR,1721046239
396,severo-yeniseyskiy,60.3725,93.0408,20.74,73,94,0.9,RU,1721046093
397,riosucio,5.4216,-75.7032,15.32,87,48,0.45,CO,1721046241
398,zouerate,22.7187,-12.4521,43.37,7,6,8.02,MR,1721046136
399,fomboni,-12.28,43.7425,25.72,69,20,4.87,KM,1721046243
400,sao paulo de olivenca,-3.3783,-68.8725,23.12,81,100,1.25,BR,1721046243
401,quiberon,47.4841,-3.1196,19.78,66,82,9.7,FR,1721046244
402,valparaiso,-33.0393,-71.6273,8.97,100,100,1.03,CL,1721046179
403,forster,-32.1667,152.5167,6.88,77,0,4.41,AU,1721046246
404,huai khot,15.2909,99.6166,30.03,84,100,2.12,TH,1721046247
405,aksuat,48.7167,83.7,33.17,32,100,4.73,KZ,1721046247
406,matlock,53.1384,-1.5556,21.52,65,92,3.07,GB,1721046248
407,princeville,45.7668,-61.2985,24.36,91,1,1.03,CA,1721046249
408,al jawf,29.5,38.75,36.88,13,0,3.28,SA,1721046250
409,tagta,41.6504,59.9164,32.97,27,0,7.2,TM,1721046250
410,toliara,-23.35,43.6667,24.45,59,0,4.68,MG,1721046251
411,choma,-16.8065,26.9531,27.7,13,0,3.51,ZM,1721046252
412,tralee,52.2704,-9.7026,16.14,82,100,5.66,IE,1721046253
413,san julian,21.0167,-102.1667,13.07,93,98,0.68,MX,1721046253
414,veracruz,19.3333,-96.6667,18.29,85,62,2.34,MX,1721045758
415,beloyarskiy,63.7119,66.6722,23.86,38,100,2.42,RU,1721046255
416,al hasakah,36.5024,40.7477,40.89,15,0,4.63,SY,1721046256
417,tsiombe,-25.3,45.4833,27.13,40,0,2.72,MG,1721046178
418,chinde,26.8212,87.7095,28.18,83,81,1.18,NP,1721046257
419,balkanabat,39.5108,54.3671,33.37,29,0,5.82,TM,1721046258
420,kathmandu,27.7167,85.3167,27.12,74,75,5.66,NP,1721046258
421,sola,-13.8833,167.55,23.37,100,20,0.0,VU,1721046259
422,igarka,67.4667,86.5833,22.2,47,8,6.22,RU,1721046134
423,porto barra do ivinheima,-22.9667,-53.6667,13.25,68,100,2.03,BR,1721046261
424,grand baie,-20.0182,57.5802,24.26,71,40,2.68,MU,1721046261
425,puerto colombia,10.9878,-74.9547,28.05,80,64,3.23,CO,1721046262
426,pangoa,-12.1167,-73.0,18.32,87,97,0.67,PE,1721046263
427,san luis de la loma,17.2706,-100.8939,25.53,83,100,2.31,MX,1721046264
428,ramadi,33.4226,43.3058,43.29,12,0,5.17,IQ,1721046264
429,port augusta,-32.5,137.7667,10.24,77,92,6.03,AU,1721046265
430,hithadhoo,-0.6,73.0833,29.05,71,88,1.96,MV,1721046266
431,daru,-9.0763,143.2092,23.57,78,58,3.76,PG,1721046267
432,taoyuan city,24.9937,121.297,31.49,76,75,5.14,TW,1721046268
433,arteche,12.2645,125.4048,26.22,90,100,1.95,PH,1721046268
434,nantucket,41.2835,-70.0995,25.61,96,0,3.09,US,1721046269
435,tambura,5.6,27.4667,32.21,43,60,2.26,SS,1721046270
436,rabaul,-4.1967,152.1721,26.38,83,100,6.1,PG,1721046271
437,villa gesell,-37.2639,-56.973,3.82,73,0,3.69,AR,1721046146
438,nedumangad,8.6,77.0,24.6,88,75,7.72,IN,1721046272
439,tangalle,6.024,80.7911,30.09,74,99,5.36,LK,1721046273
440,berezovo,63.9381,65.0419,24.23,37,40,2.15,RU,1721046274
441,nyala,12.05,24.8833,31.78,43,95,5.9,SD,1721046275
442,an nuhud,12.7,28.4333,32.45,39,95,2.46,SD,1721046275
443,kristiansund,63.1115,7.732,19.36,81,75,7.72,NO,1721046276
444,tottori,35.5,134.2333,25.04,83,75,3.6,JP,1721046277
445,tezu,27.9167,96.1667,25.25,98,100,1.46,IN,1721046278
446,pico truncado,-46.7949,-67.9573,2.44,77,36,10.05,AR,1721046279
447,dapa,9.7594,126.0531,25.74,85,99,1.86,PH,1721046279
448,sinabang,2.4803,96.3801,27.48,79,57,2.53,ID,1721046280
449,queenstown,-31.8976,26.8753,13.56,17,0,6.26,ZA,1721046281
450,hobyo,5.3505,48.5268,27.24,68,71,13.59,SO,1721046282
451,nagato,34.3833,131.2,24.55,90,99,2.07,JP,1721046282
452,harris hill,42.9648,-78.6775,24.21,84,100,5.14,US,1721046283
453,bryne,58.7354,5.6477,18.77,84,40,5.66,NO,1721046284
454,qarazhal,48.0078,70.7903,25.14,40,84,10.14,KZ,1721046285
455,talnakh,69.4865,88.3972,20.66,42,4,5.45,RU,1721046286
456,talcahuano,-36.7167,-73.1167,3.82,93,75,4.12,CL,1721046286
457,nova sintra,14.8667,-24.7167,25.0,80,67,2.91,CV,1721046287
458,kangding,30.0513,101.9603,19.47,99,100,1.85,CN,1721046288
459,fort meade,39.1082,-76.7432,29.4,70,0,2.57,US,1721046289
460,al mijlad,11.0333,27.7333,33.53,42,84,6.92,SD,1721046289
461,yaprakli,40.7579,33.7782,27.85,24,57,5.56,TR,1721046290
462,gadzhiyevo,69.2551,33.3362,16.22,73,30,3.33,RU,1721046127
463,bontang,0.1333,117.5,27.2,83,81,3.55,ID,1721046292
464,sabang,5.8933,95.3214,28.92,80,100,10.43,ID,1721046292
465,yanam,16.7333,82.2167,24.55,93,100,3.08,IN,1721046293
466,salinas,36.6777,-121.6555,14.99,92,100,2.06,US,1721046294
467,sungjibaegam,41.2428,128.7989,12.56,98,1,1.66,KP,1721046295
468,mabaruma,8.2,-59.7833,25.5,90,51,1.07,GY,1721046295
469,darwin,-12.4611,130.8418,21.99,68,0,0.0,AU,1721046296
470,takanabe,32.1333,131.5,26.94,94,100,1.4,JP,1721046297
471,karratha,-20.7377,116.8463,22.91,56,0,2.76,AU,1721046298
472,guichon,-32.35,-57.2,7.2,89,3,3.02,UY,1721046298
473,burang,30.25,81.1667,15.0,55,85,3.53,CN,1721046299
474,narasannapeta,18.4167,84.05,27.42,82,100,3.81,IN,1721046300
475,tsimasham,27.0989,89.536,16.5,96,99,1.62,BT,1721046301
476,al kharj,24.155,47.3346,43.32,7,19,6.11,SA,1721046301
477,port-gentil,-0.7193,8.7815,25.98,73,40,6.17,GA,1721046302
478,brisas de zicatela,15.8369,-97.0419,26.12,66,36,1.8,MX,1721046303
479,yanbu,24.0891,38.0637,39.02,37,0,9.77,SA,1721046304
480,iquique,-20.2208,-70.1431,14.02,68,10,2.26,CL,1721046304
481,ta`u,-14.2336,-169.5144,26.94,77,19,6.66,AS,1721046150
482,trairi,-3.2778,-39.2689,26.68,61,9,6.45,BR,1721046306
483,kiama,-34.6833,150.8667,11.32,61,56,6.26,AU,1721046307
484,mejit,10.2753,170.8646,27.84,85,11,10.62,MH,1721046307
485,tamanrasset,22.785,5.5228,33.95,21,20,4.12,DZ,1721046163
486,gdov,58.7406,27.8122,22.17,50,7,0.89,RU,1721046309
487,ambodifotatra,-16.9833,49.85,27.03,57,40,3.09,MG,1721046310
488,chipinge,-20.1883,32.6236,27.09,13,0,3.16,ZW,1721046310
489,saint-francois,46.4154,3.9054,30.93,50,0,4.12,FR,1721046311
490,wynyard,-41.0,145.7167,11.44,84,100,2.68,AU,1721046312
491,sterling,39.0062,-77.4286,29.28,64,20,2.57,US,1721046313
492,peterhead,57.5058,-1.7981,16.36,81,95,1.04,GB,1721046313
493,hasaki,35.7333,140.8333,22.22,90,99,5.89,JP,1721046314
494,khovd,48.0056,91.6419,30.3,19,38,2.05,MN,1721046315
495,rawlins,41.7911,-107.2387,16.31,51,0,3.6,US,1721046315
496,akjoujt,19.6969,-14.4164,33.28,31,3,6.58,MR,1721046316
497,plettenberg bay,-34.0527,23.3716,16.2,50,0,4.79,ZA,1721046317
498,teguise,29.0605,-13.564,26.12,47,0,10.8,ES,1721046318
499,farafangana,-22.8167,47.8333,24.14,65,18,5.12,MG,1721046319
500,aioun,16.6614,-9.6149,34.23,44,100,5.04,MR,1721046320
501,tromso,69.6496,18.957,15.01,72,0,9.26,NO,1721046321
502,uliastay,47.7417,96.8444,24.07,32,34,2.55,MN,1721046322
503,jamsa,61.8642,25.19,22.4,52,74,2.69,FI,1721046322
504,chibougamau,49.9168,-74.3659,18.79,94,75,3.09,CA,1721046323
505,pandan,14.0453,124.1694,26.7,85,100,3.06,PH,1721046324
506,tacna,-18.0056,-70.2483,9.5,87,100,3.6,PE,1721046325
507,saltburn-by-the-sea,54.5824,-0.9737,21.25,77,83,3.78,GB,1721046326
508,kirakira,-10.4544,161.9205,26.15,86,60,1.19,SB,1721046326
509,berezovyy,51.6667,135.7,22.99,70,100,1.67,RU,1721046327
510,vikhorevka,56.1201,101.1636,23.77,65,84,0.74,RU,1721046328
511,touros,-5.1989,-35.4608,26.03,75,32,7.02,BR,1721046329
512,ad dabbah,18.05,30.95,44.14,17,17,2.65,SD,1721046329
513,karlovo,42.6333,24.8,35.88,17,0,4.79,BG,1721046330
514,aras-asan,8.8908,126.3033,24.11,91,100,1.74,PH,1721046331
515,levanger,63.7464,11.2996,24.03,58,100,4.42,NO,1721046332
516,nishinoomote,30.7333,131.0,27.57,81,100,2.41,JP,1721046332
517,barabai,-2.5833,115.3833,24.61,91,91,0.56,ID,1721046333
518,yemetsk,63.4721,41.7941,18.59,78,100,1.6,RU,1721046334
519,bouar,5.934,15.596,25.92,70,81,1.33,CF,1721046335
520,muynoq,43.7683,59.0214,30.29,28,6,3.94,UZ,1721046335
521,buique,-8.6231,-37.1558,20.43,65,82,5.88,BR,1721046336
522,yambio,4.5721,28.3955,32.19,43,50,2.1,SS,1721046337
523,gananoque,44.3334,-76.1661,24.85,76,34,4.21,CA,1721046337
524,cabo san lucas,22.8909,-109.9124,26.61,76,8,4.44,MX,1721046085
525,lagoa,39.05,-27.9833,22.38,86,44,3.42,PT,1721046339
526,reggane,26.7158,0.1714,45.44,7,0,0.76,DZ,1721046340
527,jorpeland,59.0225,6.0408,18.86,76,49,2.97,NO,1721046340
528,el calafate,-50.3408,-72.2768,0.33,69,100,0.15,AR,1721046341
529,sulakyurt,40.1573,33.716,31.29,20,5,4.21,TR,1721046342
530,ancud,-41.8697,-73.8203,6.29,90,92,2.42,CL,1721046343
531,la sarre,48.8002,-79.1996,17.63,98,92,2.81,CA,1721046343
532,hemsby,52.6971,1.6918,23.54,66,58,4.57,GB,1721046344
533,tubarjal,30.4999,38.216,36.43,17,0,5.12,SA,1721046345
534,aweil,8.7682,27.4002,33.71,41,78,3.08,SS,1721046346
535,fisterra,42.9049,-9.2629,21.68,89,0,7.93,ES,1721046346
536,sao jose da coroa grande,-8.8978,-35.1478,26.31,62,82,5.18,BR,1721046347
537,copiapo,-27.3667,-70.3333,4.83,15,0,1.11,CL,1721046185
538,sao vicente,-23.9631,-46.3919,20.15,26,100,0.95,BR,1721046349
539,zavitinsk,50.1167,129.45,29.02,43,88,6.39,RU,1721046349
540,alotau,-10.3069,150.4462,20.58,87,44,1.91,PG,1721046350
541,sandnessjoen,66.0217,12.6316,22.06,53,75,3.6,NO,1721046351
542,alofi,-19.0595,-169.9187,16.94,88,20,0.51,NU,1721046352
543,kalmunai,7.4167,81.8167,32.38,55,100,2.7,LK,1721046352
544,ciudad insurgentes,25.2625,-111.7753,24.49,78,9,2.14,MX,1721046353
545,floro,61.5996,5.0328,16.98,82,75,6.17,NO,1721046354
546,picota,-6.9197,-76.3304,20.81,83,77,0.79,PE,1721046354
547,balabac,7.9868,117.0645,27.12,80,100,2.26,PH,1721046355
548,cill airne,52.05,-9.5167,16.03,82,100,5.66,IE,1721046356
549,reyes,-14.3167,-67.3833,16.09,67,75,2.57,BO,1721046357
550,matoury,4.8483,-52.3317,27.98,83,0,1.54,GF,1721046357
551,mossel bay,-34.1831,22.146,17.96,55,2,3.03,ZA,1721046358
552,saint-philippe,-21.3585,55.7679,24.77,72,34,5.96,RE,1721046329
553,kirkwall,58.9848,-2.9587,13.03,88,75,4.12,GB,1721046360
554,hauterive,46.0901,3.4459,31.42,53,91,3.13,FR,1721046360
555,tieli,46.95,128.05,23.39,83,75,3.07,CN,1721046361
556,kapa'a,22.0752,-159.319,25.18,81,75,7.2,US,1721046362
557,nova xavantina,-14.6667,-52.35,22.29,38,0,1.99,BR,1721046363
558,hashtpar,37.8008,48.9037,28.19,48,0,4.1,IR,1721046363
